id,place,province,region,height,lat,long
1387E,A CORUÑA AEROPUERTO,A CORUÑA,GALICIA,98,43.3069444444,-8.37222222222
1387,A CORUÑA,A CORUÑA,GALICIA,58,43.3658333333,-8.42138888889
1428,SANTIAGO DE COMPOSTELA AEROPUERTO,A CORUÑA,GALICIA,370,42.8877777778,-8.41083333333
8175,ALBACETE BASE AÉREA,ALBACETE,CASTILLA-LA MANCHA,702,38.9516666667,-1.8625
8178D,ALBACETE,ALBACETE,CASTILLA-LA MANCHA,674,39.0055555556,-1.86222222222
8019,ALICANTE/ALACANT AEROPUERTO,ALICANTE,COMUNIDAD VALENCIANA,43,38.2827777778,-0.570833333333
8025,ALICANTE/ALACANT,ALICANTE,COMUNIDAD VALENCIANA,81,38.3725,-0.494166666667
6325O,ALMERÍA AEROPUERTO,ALMERIA,ANDALUCIA,21,36.8463888889,-2.35694444444
6297,ALMERÍA,ALMERIA,ANDALUCIA,7,36.8311111111,-2.45555555556
9091O,FORONDA-TXOKIZA,ARABA/ALAVA,PAIS VASCO,513,42.8819444444,-2.735
9087,VITORIA AERÓDROMO,ARABA/ALAVA,PAIS VASCO,521,42.8497222222,-2.65611111111
1212E,ASTURIAS AEROPUERTO,ASTURIAS,PRINCIPADO DE ASTURIAS,127,43.5669444444,-6.04416666667
1208A,GIJÓN. LA MERCED,ASTURIAS,PRINCIPADO DE ASTURIAS,22,43.5416666667,-5.66194444444
1208H,GIJÓN: PUERTO,ASTURIAS,PRINCIPADO DE ASTURIAS,5,43.56,-5.70083333333
1208,GIJÓN,ASTURIAS,PRINCIPADO DE ASTURIAS,3,43.5388888889,-5.6375
1249I,OVIEDO,ASTURIAS,PRINCIPADO DE ASTURIAS,336,43.3533333333,-5.87416666667
2444C,ÁVILA: AYUNTAMIENTO,AVILA,CASTILLA Y LEON,1143,40.6566666667,-4.70027777778
2444,ÁVILA,AVILA,CASTILLA Y LEON,1130,40.6591666667,-4.68
4452,BADAJOZ AEROPUERTO,BADAJOZ,EXTREMADURA,185,38.8833333333,-6.81388888889
0076,BARCELONA AEROPUERTO,BARCELONA,CATALUÑA,4,41.2927777778,2.07
0200E,BARCELONA: FABRA,BARCELONA,CATALUÑA,412,41.4183333333,2.12416666667
1082,BILBAO AEROPUERTO,BIZKAIA,PAIS VASCO,42,43.2980555556,-2.90583333333
2331,BURGOS AEROPUERTO,BURGOS,CASTILLA Y LEON,891,42.3561111111,-3.62138888889
3469,CÁCERES: CIUDAD,CACERES,EXTREMADURA,459,39.4758333333,-6.37638888889
3469A,CÁCERES,CACERES,EXTREMADURA,394,39.4713888889,-6.33888888889
5973,CÁDIZ,CADIZ,ANDALUCIA,2,36.4997222222,-6.25777777778
5960,JEREZ DE LA FRONTERA AEROPUERTO,CADIZ,ANDALUCIA,27,36.7505555556,-6.05583333333
5910,ROTA: BASE AÉREA,CADIZ,ANDALUCIA,21,36.6375,-6.33305555556
6001,TARIFA,CADIZ,ANDALUCIA,32,36.0138888889,-5.59888888889
1109,SANTANDER AEROPUERTO,CANTABRIA,CANTABRIA,5,43.4291666667,-3.83138888889
1110,SANTANDER: CIUDAD,CANTABRIA,CANTABRIA,64,43.465,-3.81888888889
1111,SANTANDER,CANTABRIA,CANTABRIA,52,43.4911111111,-3.80055555556
8500A,CASTELLÓN DE LA PLANA: ALMAZORA,CASTELLON,COMUNIDAD VALENCIANA,35,39.9572222222,-0.0719444444444
8501,CASTELLÓN DE LA PLANA,CASTELLON,COMUNIDAD VALENCIANA,25,39.9888888889,-0.04
5000A,CEUTA: MONTE HACHO,CEUTA,CEUTA,200,35.8955555556,-5.29222222222
5000C,CEUTA,CEUTA,CEUTA,87,35.8886111111,-5.34694444444
4121C,CIUDAD REAL: INSTITUTO,CIUDAD REAL,CASTILLA-LA MANCHA,627,38.9877777778,-3.92916666667
4121,CIUDAD REAL,CIUDAD REAL,CASTILLA-LA MANCHA,628,38.9891666667,-3.92027777778
5402,CÓRDOBA AEROPUERTO,CORDOBA,ANDALUCIA,90,37.8441666667,-4.84611111111
8096,CUENCA,CUENCA,CASTILLA-LA MANCHA,945,40.0672222222,-2.13194444444
1014,HONDARRIBIA: MALKARROA,GIPUZKOA,PAIS VASCO,4,43.3569444444,-1.79222222222
1024E,SAN SEBASTIÁN: IGUELDO,GIPUZKOA,PAIS VASCO,251,43.3063888889,-2.04111111111
0367,GIRONA AEROPUERTO,GIRONA,CATALUÑA,143,41.9116666667,2.76333333333
0370B,GIRONA: ANTIC INSTITUT,GIRONA,CATALUÑA,95,41.98,2.82527777778
5530E,GRANADA AEROPUERTO,GRANADA,ANDALUCIA,567,37.1897222222,-3.78944444444
5514,GRANADA BASE AÉREA,GRANADA,ANDALUCIA,690,37.1361111111,-3.63333333333
3168C,GUADALAJARA: EL SERRANILLO,GUADALAJARA,CASTILLA-LA MANCHA,639,40.6591666667,-3.17333333333
3168A,GUADALAJARA: INSTITUTO,GUADALAJARA,CASTILLA-LA MANCHA,685,40.6347222222,-3.16666666667
3013,MOLINA DE ARAGÓN,GUADALAJARA,CASTILLA-LA MANCHA,1056,40.8416666667,-1.87888888889
4642E,HUELVA: RONDA ESTE,HUELVA,ANDALUCIA,19,37.28,-6.90972222222
4605,HUELVA,HUELVA,ANDALUCIA,17,37.2566666667,-6.94972222222
9898,HUESCA AEROPUERTO,HUESCA,ARAGON,541,42.0833333333,-0.326388888889
B954,EIVISSA AEROPUERTO,ILLES BALEARS,ILLES BALEARS,6,38.8763888889,1.38444444444
B893,MENORCA  AEROPUERTO,ILLES BALEARS,ILLES BALEARS,91,39.8547222222,4.21555555556
B278,PALMA AEROPUERTO,ILLES BALEARS,ILLES BALEARS,8,39.5608333333,2.73666666667
B228,PALMA: PUERTO,ILLES BALEARS,ILLES BALEARS,3,39.5533333333,2.62527777778
5270,JAÉN: INSTITUTO,JAEN,ANDALUCIA,510,37.7763888889,-3.78888888889
5270B,JAÉN,JAEN,ANDALUCIA,580,37.7775,-3.80888888889
9170,LOGROÑO AEROPUERTO,LA RIOJA,LA RIOJA,353,42.4522222222,-2.33111111111
C249I,FUERTEVENTURA AEROPUERTO,LAS PALMAS,CANARIAS,25,28.4447222222,-13.8630555556
C649I,GRAN CANARIA AEROPUERTO,LAS PALMAS,CANARIAS,24,27.9225,-15.3894444444
C029O,LANZAROTE AEROPUERTO,LAS PALMAS,CANARIAS,14,28.9519444444,-13.6002777778
2661,LEÓN AEROPUERTO,LEON,CASTILLA Y LEON,916,42.5883333333,-5.65111111111
1549,PONFERRADA,LEON,CASTILLA Y LEON,534,42.5638888889,-6.6
9771,LLEIDA: OBSERVATORIO,LLEIDA,CATALUÑA,199,41.6172222222,0.621111111111
9771C,LLEIDA,LLEIDA,CATALUÑA,190,41.6283333333,0.595555555556
1505,LUGO AEROPUERTO,LUGO,GALICIA,445,43.1113888889,-7.4575
3191E,COLMENAR VIEJO,MADRID,COMUNIDAD DE MADRID,1004,40.6961111111,-3.765
3200,GETAFE,MADRID,COMUNIDAD DE MADRID,620,40.2994444444,-3.72222222222
3129,MADRID AEROPUERTO,MADRID,COMUNIDAD DE MADRID,609,40.4666666667,-3.55555555556
3196,MADRID: CUATRO VIENTOS,MADRID,COMUNIDAD DE MADRID,690,40.3755555556,-3.78611111111
3195,MADRID,MADRID,COMUNIDAD DE MADRID,667,40.4119444444,-3.67805555556
2462,PUERTO DE NAVACERRADA,MADRID,COMUNIDAD DE MADRID,1894,40.7930555556,-4.01055555556
3175,TORREJÓN DE ARDOZ,MADRID,COMUNIDAD DE MADRID,607,40.4886111111,-3.44361111111
6155A,MÁLAGA AEROPUERTO,MALAGA,ANDALUCIA,5,36.6661111111,-4.48222222222
6000A,MELILLA,MELILLA,MELILLA,47,35.2777777778,-2.95527777778
7228,ALCANTARILLA: BASE AÉREA,MURCIA,REGION DE MURCIA,75,37.9577777778,-1.22861111111
7178I,MURCIA,MURCIA,REGION DE MURCIA,61,38.0019444444,-1.17083333333
7031,SAN JAVIER AEROPUERTO,MURCIA,REGION DE MURCIA,4,37.7888888889,-0.803333333333
9263D,PAMPLONA AEROPUERTO,NAVARRA,COMUNIDAD FORAL DE NAVARRA,459,42.7769444444,-1.65
9262,PAMPLONA,NAVARRA,COMUNIDAD FORAL DE NAVARRA,450,42.8177777778,-1.63833333333
1690B,OURENSE:INSTITUTO,OURENSE,GALICIA,148,42.3333333333,-7.86305555556
1690A,OURENSE,OURENSE,GALICIA,143,42.3252777778,-7.85972222222
2401,PALENCIA: OBSERVATORIO,PALENCIA,CASTILLA Y LEON,750,42.005,-4.52916666667
1484,PONTEVEDRA: INSTITUTO,PONTEVEDRA,GALICIA,19,42.4305555556,-8.64722222222
1484C,PONTEVEDRA,PONTEVEDRA,GALICIA,108,42.4383333333,-8.61583333333
1495,VIGO AEROPUERTO,PONTEVEDRA,GALICIA,261,42.2394444444,-8.62388888889
2867,SALAMANCA AEROPUERTO,SALAMANCA,CASTILLA Y LEON,790,40.9594444444,-5.49833333333
2870,SALAMANCA,SALAMANCA,CASTILLA Y LEON,775,40.9575,-5.66222222222
2465A,SEGOVIA: INSTITUTO,SEGOVIA,CASTILLA Y LEON,990,40.9466666667,-4.11583333333
2465,SEGOVIA,SEGOVIA,CASTILLA Y LEON,1005,40.9452777778,-4.12638888889
5796,MORÓN DE LA FRONTERA,SEVILLA,ANDALUCIA,87,37.1636111111,-5.61194444444
5783,SEVILLA AEROPUERTO,SEVILLA,ANDALUCIA,34,37.4166666667,-5.87916666667
2030,SORIA,SORIA,CASTILLA Y LEON,1082,41.775,-2.48305555556
C929I,HIERRO AEROPUERTO,STA. CRUZ DE TENERIFE,CANARIAS,32,27.8188888889,-17.8888888889
C430E,IZAÑA,STA. CRUZ DE TENERIFE,CANARIAS,2371,28.3088888889,-16.4994444444
C139E,LA PALMA AEROPUERTO,STA. CRUZ DE TENERIFE,CANARIAS,33,28.6330555556,-17.755
C449C,STA.CRUZ DE TENERIFE,STA. CRUZ DE TENERIFE,CANARIAS,35,28.4633333333,-16.2552777778
C447A,TENERIFE NORTE AEROPUERTO,STA. CRUZ DE TENERIFE,CANARIAS,632,28.4775,-16.3294444444
C429I,TENERIFE SUR AEROPUERTO,STA. CRUZ DE TENERIFE,CANARIAS,64,28.0475,-16.5608333333
0016A,REUS AEROPUERTO,TARRAGONA,CATALUÑA,71,41.1497222222,1.17888888889
9981A,TORTOSA,TARRAGONA,CATALUÑA,47,40.8202777778,0.493333333333
9381,CALAMOCHA: AERÓDROMO,TERUEL,ARAGON,932,40.865,-1.305
9381I,CALAMOCHA,TERUEL,ARAGON,890,40.9261111111,-1.29333333333
8368U,TERUEL,TERUEL,ARAGON,900,40.3505555556,-1.12416666667
3259,TOLEDO: LORENZANA,TOLEDO,CASTILLA-LA MANCHA,540,39.8594444444,-4.02555555556
3260B,TOLEDO,TOLEDO,CASTILLA-LA MANCHA,515,39.8847222222,-4.04527777778
8414A,VALENCIA AEROPUERTO,VALENCIA,COMUNIDAD VALENCIANA,69,39.4852777778,-0.474444444444
8416,VALENCIA,VALENCIA,COMUNIDAD VALENCIANA,11,39.4805555556,-0.366388888889
2539,VALLADOLID AEROPUERTO,VALLADOLID,CASTILLA Y LEON,846,41.7119444444,-4.85555555556
2422,VALLADOLID,VALLADOLID,CASTILLA Y LEON,735,41.6408333333,-4.75444444444
2614,ZAMORA,ZAMORA,CASTILLA Y LEON,656,41.5155555556,-5.73527777778
9390,DAROCA,ZARAGOZA,ARAGON,779,41.1144444444,-1.41
9434,ZARAGOZA AEROPUERTO,ZARAGOZA,ARAGON,263,41.6605555556,-1.00416666667
